when	label	knobs	decisions_per_s	sd	runs	step_s	gpu_util	peak_reserved_mib	phases_s	gate	decision	note
2026-09-26 13:19	reference	--label reference --save-reference --repeat 1 --decision reference --note unmodified code (62cad09 + probe hook)	39.28	0.0	[39.28]	1.629	64.4	3500	{"loader": 0.414, "device": 0.041, "forward": 0.341, "backward": 0.763, "optimizer": 0.003, "log": 0.067}	["saved as the reference"]	reference	unmodified code (62cad09 + probe hook)
2026-09-26 13:21	calib-rerun	--label calib-rerun --repeat 2 --decision calibration --note same code again: run-to-run determinism	44.26	4.05	[47.12, 41.39]	1.452	79.0	3500	{"loader": 0.229, "device": 0.041, "forward": 0.343, "backward": 0.769, "optimizer": 0.003, "log": 0.067}	[{"verdict": "close", "loss_rel_max": 0.01061033615409708, "first_step_loss_rel": 0.0, "weight_drift": 0.011729663173256463}, {"verdict": "close", "loss_rel_max": 0.013147497364077474, "first_step_loss_rel": 0.0, "weight_drift": 0.01256322827420371}]	calibration	same code again: run-to-run determinism
2026-09-26 13:23	calib-cudnn-benchmark	--label calib-cudnn-benchmark --repeat 1 --patch torch.backends.cudnn.benchmark=true --decision calibration --note cuDNN autotuner: other conv algorithms, same math	48.56	0.0	[48.56]	1.318	81.1	3824	{"loader": 0.117, "device": 0.04, "forward": 0.344, "backward": 0.747, "optimizer": 0.003, "log": 0.066}	[{"verdict": "close", "loss_rel_max": 0.0067674833607218945, "first_step_loss_rel": 0.0001341813996845889, "weight_drift": 0.01291038587635466}]	calibration	cuDNN autotuner: other conv algorithms, same math
2026-09-26 13:26	calib-rerun-a	--label calib-rerun-a --repeat 1 --decision calibration --keep-state artifacts/bench-train/calib-a.pt --note reference config again, state kept for the group-drift calibration	43.32	0.0	[43.32]	1.477	77.1	3500	{"loader": 0.248, "device": 0.041, "forward": 0.346, "backward": 0.771, "optimizer": 0.003, "log": 0.068}	[{"verdict": "close", "forward_exact": true, "loss_rel_max": 0.003987979635025435, "first_step_loss_rel": 0.0, "weight_drift": 0.009053163105055792, "group_drift_max": 0.012604058917211239, "group": "policy.memory"}]	calibration	reference config again, state kept for the group-drift calibration
2026-09-26 13:27	calib-rerun-b	--label calib-rerun-b --repeat 1 --decision calibration --keep-state artifacts/bench-train/calib-b.pt --note reference config again, state kept for the group-drift calibration	39.7	0.0	[39.7]	1.612	69.4	3500	{"loader": 0.362, "device": 0.041, "forward": 0.355, "backward": 0.782, "optimizer": 0.004, "log": 0.068}	[{"verdict": "close", "forward_exact": true, "loss_rel_max": 0.011128242914849958, "first_step_loss_rel": 0.0, "weight_drift": 0.012201811111752408, "group_drift_max": 0.01815637356454195, "group": "policy.memory"}]	calibration	reference config again, state kept for the group-drift calibration
2026-09-26 13:30	baseline	--label baseline --repeat 3 --decision baseline --note bc6 config as is: workers 1, 4 worker threads, gpu-memory 0.5	40.9	0.6	[40.7, 40.44, 41.58]	1.565	74.6	3500	{"loader": 0.319, "device": 0.041, "forward": 0.353, "backward": 0.782, "optimizer": 0.003, "log": 0.067}	[{"verdict": "close", "forward_exact": true, "loss_rel_max": 0.012479829140177059, "first_step_loss_rel": 0.0, "weight_drift": 0.011298069455326881, "group_drift_max": 0.015896021821528286, "group": "policy.memory"}, {"verdict": "close", "forward_exact": true, "loss_rel_max": 0.013472822301985207, "first_step_loss_rel": 0.0, "weight_drift": 0.012241933108398351, "group_drift_max": 0.017264117307968844, "group": "policy.memory"}, {"verdict": "close", "forward_exact": true, "loss_rel_max": 0.013537931207884392, "first_step_loss_rel": 0.0, "weight_drift": 0.010985983022650235, "group_drift_max": 0.015934265271320632, "group": "policy.memory"}]	baseline	bc6 config as is: workers 1, 4 worker threads, gpu-memory 0.5
2026-09-26 13:33	sweep-no-memory-cap	--label sweep-no-memory-cap --repeat 3 --gpu-memory none --decision sweep --note no per-process memory cap	46.66	0.66	[46.12, 47.39, 46.46]	1.372	80.5	3500	{"loader": 0.158, "device": 0.041, "forward": 0.342, "backward": 0.762, "optimizer": 0.003, "log": 0.067}	[{"verdict": "close", "forward_exact": true, "loss_rel_max": 0.012472253230384405, "first_step_loss_rel": 0.0, "weight_drift": 0.012656820085128213, "group_drift_max": 0.018830791900934143, "group": "policy.memory"}, {"verdict": "close", "forward_exact": true, "loss_rel_max": 0.008756653762366987, "first_step_loss_rel": 0.0, "weight_drift": 0.008201340121137093, "group_drift_max": 0.012418055127377136, "group": "policy.memory"}, {"verdict": "close", "forward_exact": true, "loss_rel_max": 0.0059596962363827055, "first_step_loss_rel": 0.0, "weight_drift": 0.00817294123840832, "group_drift_max": 0.01241499444230108, "group": "policy.memory"}]	sweep	no per-process memory cap; cap does not bind (3.5 GB reserved either way); gain is loader noise
2026-09-26 13:38	sweep-worker-threads-8	--label sweep-worker-threads-8 --repeat 3 --worker-threads 8 --decision sweep --note 8 threads per loader worker	52.04	0.23	[51.86, 52.3, 51.96]	1.23	92.6	3500	{"loader": 0.001, "device": 0.042, "forward": 0.347, "backward": 0.77, "optimizer": 0.003, "log": 0.067}	[{"verdict": "close", "forward_exact": true, "loss_rel_max": 0.011483102921369632, "first_step_loss_rel": 0.0, "weight_drift": 0.012663231291693288, "group_drift_max": 0.019618778675268695, "group": "policy.memory"}, {"verdict": "close", "forward_exact": true, "loss_rel_max": 0.01040897066772422, "first_step_loss_rel": 0.0, "weight_drift": 0.012077356052191367, "group_drift_max": 0.018115060205134044, "group": "policy.memory"}, {"verdict": "close", "forward_exact": true, "loss_rel_max": 0.012073474906226157, "first_step_loss_rel": 0.0, "weight_drift": 0.012593792941913188, "group_drift_max": 0.019191584933099023, "group": "policy.memory"}]	kept (config)	8 threads per loader worker; loader off the critical path; exact
2026-09-26 13:41	gpu-views	--label gpu-views --repeat 3 --gpu-views --decision measured --note #119: loader worker only decodes; quadrants cut on the GPU	50.27	0.12	[50.25, 50.17, 50.41]	1.273	94.1	3656	{"loader": 0.0, "device": 0.101, "forward": 0.34, "backward": 0.762, "optimizer": 0.002, "log": 0.068}	[{"verdict": "close", "forward_exact": true, "loss_rel_max": 0.009385454275157263, "first_step_loss_rel": 0.0, "weight_drift": 0.010888668930290156, "group_drift_max": 0.015758837827123725, "group": "policy.memory"}, {"verdict": "close", "forward_exact": true, "loss_rel_max": 0.008561766227845817, "first_step_loss_rel": 0.0, "weight_drift": 0.010677789782884549, "group_drift_max": 0.016460838067533914, "group": "policy.memory"}, {"verdict": "close", "forward_exact": true, "loss_rel_max": 0.01214143850277185, "first_step_loss_rel": 0.0, "weight_drift": 0.011711371141315695, "group_drift_max": 0.016562637243854775, "group": "policy.memory"}]	kept (config)	#119: loader worker only decodes; quadrants cut on the GPU; recommended: exact, frees the CPU; about the same as 8 threads
2026-09-26 13:42	baseline-again	--label baseline-again --repeat 2 --decision baseline --note interleaved re-measure of the baseline	47.25	3.2	[44.99, 49.51]	1.358	86.6	3500	{"loader": 0.138, "device": 0.041, "forward": 0.342, "backward": 0.766, "optimizer": 0.003, "log": 0.068}	[{"verdict": "close", "forward_exact": true, "loss_rel_max": 0.008417055371226716, "first_step_loss_rel": 0.0, "weight_drift": 0.011732787458597122, "group_drift_max": 0.018079576450241403, "group": "policy.memory"}, {"verdict": "close", "forward_exact": true, "loss_rel_max": 0.012873117674630485, "first_step_loss_rel": 0.0, "weight_drift": 0.012522022102241645, "group_drift_max": 0.01911834418206503, "group": "policy.memory"}]	baseline	interleaved re-measure of the baseline; loader-bound runs vary 39-49 with the PC's CPU load
2026-09-26 13:45	sweep-workers-2	--label sweep-workers-2 --repeat 3 --workers 2 --decision sweep --note 2 loader workers: in carry mode each plays its own games, so the batches differ (flagged)	52.15	0.83	[51.65, 51.7, 53.11]	1.227	92.5	3500	{"loader": 0.001, "device": 0.043, "forward": 0.348, "backward": 0.765, "optimizer": 0.003, "log": 0.067}	[{"verdict": "differs", "forward_exact": false, "loss_rel_max": 38.64151320747598, "first_step_loss_rel": 0.6492459851643264, "weight_drift": 0.7861390410349512, "group_drift_max": 0.955102203313526, "group": "policy.read"}, {"verdict": "differs", "forward_exact": false, "loss_rel_max": 38.659945296806605, "first_step_loss_rel": 0.6492459851643264, "weight_drift": 0.7860268847398098, "group_drift_max": 0.9548024091452398, "group": "policy.read"}, {"verdict": "differs", "forward_exact": false, "loss_rel_max": 38.66106520739131, "first_step_loss_rel": 0.6492459851643264, "weight_drift": 0.7863948289620302, "group_drift_max": 0.9557987489185401, "group": "policy.read"}]	flagged	2 loader workers: in carry mode each plays its own games, so the batches differ (flagged); 2 workers each play their own games: other batches (gate differs)
2026-09-26 14:01	sac-convs-nocap	--label sac-convs-nocap --repeat 3 --worker-threads 8 --gpu-memory none --set recompute="convs" --decision measured --note same, no memory cap	53.93	0.38	[53.67, 53.74, 54.36]	1.187	86.6	6430	{"loader": 0.078, "device": 0.041, "forward": 0.341, "backward": 0.635, "optimizer": 0.004, "log": 0.088}	[{"verdict": "close", "forward_exact": true, "loss_rel_max": 0.01209773977672147, "first_step_loss_rel": 0.0, "weight_drift": 0.011699304462084796, "group_drift_max": 0.018543934423864084, "group": "policy.memory"}, {"verdict": "close", "forward_exact": true, "loss_rel_max": 0.01469561806083719, "first_step_loss_rel": 0.0, "weight_drift": 0.011978276151785818, "group_drift_max": 0.018141678300556765, "group": "policy.memory"}, {"verdict": "close", "forward_exact": true, "loss_rel_max": 0.010462002036272797, "first_step_loss_rel": 0.0, "weight_drift": 0.01181801591847409, "group_drift_max": 0.017523078413103067, "group": "policy.memory"}]	reverted	same, no memory cap; +2-3% for +2.9 GB (6.4 GB reserved); under the cap it OOMs
2026-09-26 14:03	worker-threads-8-again	--label worker-threads-8-again --repeat 2 --worker-threads 8 --decision sweep --note interleaved re-measure	52.88	0.57	[52.48, 53.29]	1.21	92.8	3500	{"loader": 0.001, "device": 0.042, "forward": 0.342, "backward": 0.757, "optimizer": 0.003, "log": 0.066}	[{"verdict": "close", "forward_exact": true, "loss_rel_max": 0.009650720913694247, "first_step_loss_rel": 0.0, "weight_drift": 0.011667102420311444, "group_drift_max": 0.01852587298931065, "group": "policy.memory"}, {"verdict": "close", "forward_exact": true, "loss_rel_max": 0.009303546612761324, "first_step_loss_rel": 0.0, "weight_drift": 0.011954290419057113, "group_drift_max": 0.017612600235670923, "group": "policy.memory"}]	sweep	interleaved re-measure
2026-09-26 14:56	worker-threads-8-again2	--label worker-threads-8-again2 --repeat 1 --worker-threads 8 --decision sweep --note interleaved re-measure	44.59	0.0	[44.59]	1.435	88.4	3500	{"loader": 0.079, "device": 0.044, "forward": 0.38, "backward": 0.853, "optimizer": 0.003, "log": 0.076}	[{"verdict": "close", "forward_exact": true, "loss_rel_max": 0.012606094303387957, "first_step_loss_rel": 0.0, "weight_drift": 0.012824148861117057, "group_drift_max": 0.020050999454982215, "group": "policy.memory"}]	sweep	interleaved re-measure; PC under load (other jobs)
2026-09-26 15:32	no-mid-step-syncs+gpu-views	--label no-mid-step-syncs+gpu-views --repeat 3 --gpu-views --decision measured --note order/state loss rows found on the host, finiteness checked after the step (exact); compare gpu-views 50.27	50.35	0.91	[49.39, 50.46, 51.2]	1.271	93.9	3656	{"loader": 0.001, "device": 0.104, "forward": 0.339, "backward": 0.759, "optimizer": 0.002, "log": 0.068}	[{"verdict": "close", "forward_exact": true, "loss_rel_max": 0.011677661068508514, "first_step_loss_rel": 0.0, "weight_drift": 0.011772455133000194, "group_drift_max": 0.016886713394511452, "group": "policy.memory"}, {"verdict": "close", "forward_exact": true, "loss_rel_max": 0.008223155998852415, "first_step_loss_rel": 0.0, "weight_drift": 0.010993899478835516, "group_drift_max": 0.015512748198518075, "group": "policy.memory"}, {"verdict": "close", "forward_exact": true, "loss_rel_max": 0.012314586470061926, "first_step_loss_rel": 0.0, "weight_drift": 0.01126492577918471, "group_drift_max": 0.016484910088947986, "group": "policy.memory"}]	reverted	order/state loss rows found on the host, finiteness checked after the step (exact); compare gpu-views 50.27; no gain: GPU already 94% busy
2026-09-26 16:00	gpu-views-nocap	--label gpu-views-nocap --repeat 3 --gpu-views --gpu-memory none --decision measured --note control for this batch: gpu-views, no memory cap	49.59	1.81	[50.9, 50.36, 47.52]	1.292	93.0	3656	{"loader": 0.001, "device": 0.105, "forward": 0.346, "backward": 0.769, "optimizer": 0.002, "log": 0.068}	[{"verdict": "close", "forward_exact": true, "loss_rel_max": 0.011351677355836202, "first_step_loss_rel": 0.0, "weight_drift": 0.011432662880722935, "group_drift_max": 0.018001956606044464, "group": "policy.memory"}, {"verdict": "close", "forward_exact": true, "loss_rel_max": 0.013512238992065826, "first_step_loss_rel": 0.0, "weight_drift": 0.012887077936787448, "group_drift_max": 0.018660794632105616, "group": "policy.memory"}, {"verdict": "close", "forward_exact": true, "loss_rel_max": 0.01455771454345207, "first_step_loss_rel": 0.0, "weight_drift": 0.01083055307275741, "group_drift_max": 0.01580414712137952, "group": "policy.memory"}]	control	control for this batch: gpu-views, no memory cap
2026-09-26 16:04	copy-ahead	--label copy-ahead --repeat 3 --gpu-views --gpu-memory none --set copy_ahead=true --decision measured --note next batch copied to the card on a side stream during the step (exact)	44.74	2.57	[43.32, 43.19, 47.71]	1.434	82.1	4650	{"loader": 0.063, "device": 0.066, "forward": 0.397, "backward": 0.834, "optimizer": 0.004, "log": 0.07}	[{"verdict": "close", "forward_exact": true, "loss_rel_max": 0.012736751298362714, "first_step_loss_rel": 0.0, "weight_drift": 0.010786124104109498, "group_drift_max": 0.015046777664863177, "group": "policy.memory"}, {"verdict": "close", "forward_exact": true, "loss_rel_max": 0.009518197390219852, "first_step_loss_rel": 0.0, "weight_drift": 0.010201006409595042, "group_drift_max": 0.014774594227928012, "group": "policy.memory"}, {"verdict": "close", "forward_exact": true, "loss_rel_max": 0.009645231123989425, "first_step_loss_rel": 0.0, "weight_drift": 0.011891883896870415, "group_drift_max": 0.018088752831235556, "group": "policy.memory"}]	reverted	next batch copied to the card on a side stream during the step (exact); no gain (44.7 against 49.6 control, PC loaded)
2026-09-26 16:06	keep-2	--label keep-2 --repeat 2 --gpu-views --gpu-memory none --set keep=2 --decision measured --note last 2 of 16 chunks not recomputed (exact)	47.56	0.63	[47.11, 48.0]	1.346	89.2	4746	{"loader": 0.001, "device": 0.115, "forward": 0.376, "backward": 0.783, "optimizer": 0.003, "log": 0.069}	[{"verdict": "close", "forward_exact": true, "loss_rel_max": 0.011516810230157238, "first_step_loss_rel": 0.0, "weight_drift": 0.010914010148590461, "group_drift_max": 0.015845147118679365, "group": "policy.memory"}, {"verdict": "close", "forward_exact": true, "loss_rel_max": 0.005302807467475466, "first_step_loss_rel": 0.0, "weight_drift": 0.008268535154171591, "group_drift_max": 0.012622919179459261, "group": "policy.memory"}]	reverted	last 2 of 16 chunks not recomputed (exact); no gain
2026-09-26 16:08	keep-4	--label keep-4 --repeat 2 --gpu-views --gpu-memory none --set keep=4 --decision measured --note last 4 of 16 chunks not recomputed (exact)	51.24	0.64	[50.79, 51.69]	1.249	91.5	5670	{"loader": 0.001, "device": 0.106, "forward": 0.357, "backward": 0.714, "optimizer": 0.003, "log": 0.068}	[{"verdict": "close", "forward_exact": true, "loss_rel_max": 0.0035126738484812597, "first_step_loss_rel": 0.0, "weight_drift": 0.009388359866001525, "group_drift_max": 0.01480700623574532, "group": "policy.memory"}, {"verdict": "close", "forward_exact": true, "loss_rel_max": 0.013862926758409836, "first_step_loss_rel": 0.0, "weight_drift": 0.011801703483081396, "group_drift_max": 0.01751545649823147, "group": "policy.memory"}]	reverted	last 4 of 16 chunks not recomputed (exact); +3% within noise, +2 GB
2026-09-26 16:12	batch-4	--label batch-4 --repeat 2 --gpu-views --gpu-memory none --batch-size 4 --decision flagged --note batch 4: changes the optimisation (4 games side by side)	36.81	1.15	[36.0, 37.63]	3.479	93.4	6812	{"loader": 0.001, "device": 0.249, "forward": 1.054, "backward": 2.136, "optimizer": 0.018, "log": 0.021}	[{"verdict": "differs", "forward_exact": false, "loss_rel_max": 8.01367874668087, "first_step_loss_rel": 0.3243273278907453, "weight_drift": 0.5970491350727295, "group_drift_max": 0.674761609597028, "group": "order_head.eta"}, {"verdict": "differs", "forward_exact": false, "loss_rel_max": 8.007248637555104, "first_step_loss_rel": 0.3243273278907453, "weight_drift": 0.5971127856210715, "group_drift_max": 0.6751277317696888, "group": "order_head.eta"}]	flagged	batch 4: changes the optimisation (4 games side by side); slower per decision on 8 GB (6.8 GB reserved); optimisation changes
2026-09-26 16:25	gpu-views-nocap-b	--label gpu-views-nocap-b --repeat 2 --gpu-views --gpu-memory none --decision measured --note control for this batch	51.25	0.82	[50.67, 51.83]	1.249	95.3	3656	{"loader": 0.001, "device": 0.102, "forward": 0.333, "backward": 0.746, "optimizer": 0.002, "log": 0.066}	[{"verdict": "close", "forward_exact": true, "loss_rel_max": 0.005423268437637927, "first_step_loss_rel": 0.0, "weight_drift": 0.008549509315788012, "group_drift_max": 0.013133444022802986, "group": "policy.memory"}, {"verdict": "close", "forward_exact": true, "loss_rel_max": 0.009456272562349464, "first_step_loss_rel": 0.0, "weight_drift": 0.010520717195348172, "group_drift_max": 0.014980212749290595, "group": "policy.memory"}]	control	control for this batch
2026-09-26 16:28	fast-perception	--label fast-perception --repeat 3 --gpu-views --gpu-memory none --set fast_perception=true --decision fast-mode --note opt-in: detail/fovea readers keep bf16 maps (numerics differ by bf16 rounding)	66.62	1.31	[67.04, 67.68, 65.15]	0.961	89.7	3656	{"loader": 0.006, "device": 0.103, "forward": 0.251, "backward": 0.553, "optimizer": 0.003, "log": 0.045}	[{"verdict": "close", "forward_exact": false, "loss_rel_max": 0.006095782819585284, "first_step_loss_rel": 0.0012902253828057173, "weight_drift": 0.02273864220367624, "group_drift_max": 0.029523955652282812, "group": "policy.details"}, {"verdict": "close", "forward_exact": false, "loss_rel_max": 0.00693909418689462, "first_step_loss_rel": 0.0012902253828057173, "weight_drift": 0.021452807579405212, "group_drift_max": 0.029555509768619925, "group": "policy.foveal"}, {"verdict": "close", "forward_exact": false, "loss_rel_max": 0.01286191850363265, "first_step_loss_rel": 0.0012902253828057173, "weight_drift": 0.022034790767216074, "group_drift_max": 0.029216463153327814, "group": "policy.foveal"}]	kept (opt-in fast mode)	opt-in: detail/fovea readers keep bf16 maps (numerics differ by bf16 rounding); --fast-perception: bf16 maps in the readers, gate close
2026-09-26 16:29	fast-perception-cap	--label fast-perception-cap --repeat 2 --gpu-views --set fast_perception=true --decision fast-mode --note same under the 0.5 cap	67.08	1.08	[66.31, 67.84]	0.954	88.8	3656	{"loader": 0.005, "device": 0.101, "forward": 0.246, "backward": 0.551, "optimizer": 0.003, "log": 0.047}	[{"verdict": "close", "forward_exact": false, "loss_rel_max": 0.009978022175895716, "first_step_loss_rel": 0.0012902253828057173, "weight_drift": 0.021322330794112464, "group_drift_max": 0.02964311962134202, "group": "policy.foveal"}, {"verdict": "close", "forward_exact": false, "loss_rel_max": 0.01089481705660094, "first_step_loss_rel": 0.0012902253828057173, "weight_drift": 0.021664327582483375, "group_drift_max": 0.029235256195046005, "group": "policy.foveal"}]	kept (opt-in fast mode)	same under the 0.5 cap
2026-09-26 16:48	fast-control	--label fast-control --repeat 2 --gpu-views --gpu-memory none --set fast_perception=true --decision fast-mode --note control: fast-perception + gpu-views, no cap	70.03	1.21	[69.17, 70.89]	0.914	92.2	3656	{"loader": 0.001, "device": 0.1, "forward": 0.233, "backward": 0.535, "optimizer": 0.002, "log": 0.043}	[{"verdict": "close", "forward_exact": false, "loss_rel_max": 0.011068294411273305, "first_step_loss_rel": 0.0012902253828057173, "weight_drift": 0.022047708147413917, "group_drift_max": 0.02900325025180909, "group": "policy.foveal"}, {"verdict": "close", "forward_exact": false, "loss_rel_max": 0.008684737517233823, "first_step_loss_rel": 0.0012902253828057173, "weight_drift": 0.02141688915168212, "group_drift_max": 0.028859299796242792, "group": "policy.foveal"}]	control	control: fast-perception + gpu-views, no cap
2026-09-26 16:50	fast+no-mid-step-syncs	--label fast+no-mid-step-syncs --repeat 3 --gpu-views --gpu-memory none --set fast_perception=true --decision measured --note order/state rows on the host, finiteness after the step (exact), on the fast-mode config	68.17	1.27	[68.19, 69.43, 66.9]	0.939	91.5	3656	{"loader": 0.001, "device": 0.102, "forward": 0.243, "backward": 0.545, "optimizer": 0.002, "log": 0.046}	[{"verdict": "close", "forward_exact": false, "loss_rel_max": 0.010710689509901221, "first_step_loss_rel": 0.0012902253828057173, "weight_drift": 0.02157509712275891, "group_drift_max": 0.029026498561483496, "group": "policy.foveal"}, {"verdict": "close", "forward_exact": false, "loss_rel_max": 0.004471848930110243, "first_step_loss_rel": 0.0012902253828057173, "weight_drift": 0.02152699050849163, "group_drift_max": 0.029507174653067063, "group": "policy.foveal"}, {"verdict": "close", "forward_exact": false, "loss_rel_max": 0.006710097278441037, "first_step_loss_rel": 0.0012902253828057173, "weight_drift": 0.02139640457727073, "group_drift_max": 0.02882677917279686, "group": "policy.foveal"}]	reverted	order/state rows on the host, finiteness after the step (exact), on the fast-mode config; no gain on the fast config either
2026-09-26 16:52	fast-threads-8	--label fast-threads-8 --repeat 2 --worker-threads 8 --gpu-memory none --set fast_perception=true --decision fast-mode --note fast-perception with CPU views on 8 worker threads instead of gpu-views	52.35	1.16	[53.17, 51.53]	1.223	66.4	3500	{"loader": 0.328, "device": 0.041, "forward": 0.245, "backward": 0.559, "optimizer": 0.003, "log": 0.046}	[{"verdict": "close", "forward_exact": false, "loss_rel_max": 0.008692642814408765, "first_step_loss_rel": 0.0012902253828057173, "weight_drift": 0.02103655944592726, "group_drift_max": 0.029605414706143775, "group": "policy.foveal"}, {"verdict": "close", "forward_exact": false, "loss_rel_max": 0.00897445368067194, "first_step_loss_rel": 0.0012902253828057173, "weight_drift": 0.02132702117508485, "group_drift_max": 0.028446783525242183, "group": "policy.foveal"}]	info	fast-perception with CPU views on 8 worker threads instead of gpu-views; fast mode needs --gpu-views: CPU views cap it at ~52
2026-09-26 16:53	fast-control-2	--label fast-control-2 --repeat 1 --gpu-views --gpu-memory none --set fast_perception=true --decision fast-mode --note control again	66.34	0.0	[66.34]	0.965	91.3	3656	{"loader": 0.001, "device": 0.104, "forward": 0.252, "backward": 0.558, "optimizer": 0.002, "log": 0.047}	[{"verdict": "close", "forward_exact": false, "loss_rel_max": 0.008092279412289466, "first_step_loss_rel": 0.0012902253828057173, "weight_drift": 0.021321497133245604, "group_drift_max": 0.028803466854394572, "group": "policy.foveal"}]	control	control again
2026-09-26 17:01	fast+compile	--label fast+compile --repeat 2 --gpu-views --gpu-memory none --set fast_perception=true --set compile_perception=true --decision fast-mode --note fast-perception plus each checkpointed chunk compiled	53.01	35.42	[78.06, 27.97]	1.554	85.2	3688	{"loader": 0.104, "device": 0.098, "forward": 0.167, "backward": 1.121, "optimizer": 0.003, "log": 0.061}	[{"verdict": "close", "forward_exact": false, "loss_rel_max": 0.012176147078604243, "first_step_loss_rel": 0.00048734285312952924, "weight_drift": 0.018526623336646668, "group_drift_max": 0.02508179453121693, "group": "policy.memory"}, {"verdict": "close", "forward_exact": false, "loss_rel_max": 0.012176147078604243, "first_step_loss_rel": 0.00048734285312952924, "weight_drift": 0.018526623336646668, "group_drift_max": 0.02508179453121693, "group": "policy.memory"}]	reverted	fast-perception plus each checkpointed chunk compiled; 2nd run spilled to shared memory (7.8 GB): 28/s
2026-09-26 17:02	fast-control-3	--label fast-control-3 --repeat 1 --gpu-views --gpu-memory none --set fast_perception=true --decision fast-mode --note control	69.8	0.0	[69.8]	0.917	91.8	3656	{"loader": 0.0, "device": 0.1, "forward": 0.235, "backward": 0.533, "optimizer": 0.002, "log": 0.046}	[{"verdict": "close", "forward_exact": false, "loss_rel_max": 0.009165643095376203, "first_step_loss_rel": 0.0012902253828057173, "weight_drift": 0.02269464507441883, "group_drift_max": 0.0303054595820248, "group": "policy.foveal"}]	control	control
2026-09-26 17:22	fast+compile-cap	--label fast+compile-cap --repeat 3 --gpu-views --set fast_perception=true --set compile_perception=true --decision fast-mode --note fast-perception + compiled checkpointed chunks, under the 0.5 cap (no spill)	66.94	7.05	[58.82, 71.41, 70.59]	0.964	66.3	3688	{"loader": 0.208, "device": 0.102, "forward": 0.156, "backward": 0.428, "optimizer": 0.003, "log": 0.067}	[{"verdict": "close", "forward_exact": false, "loss_rel_max": 0.003211377745242706, "first_step_loss_rel": 0.00048734285312952924, "weight_drift": 0.017911457435587145, "group_drift_max": 0.0233555109460354, "group": "policy.memory"}, {"verdict": "close", "forward_exact": false, "loss_rel_max": 0.003211377745242706, "first_step_loss_rel": 0.00048734285312952924, "weight_drift": 0.017911457435587145, "group_drift_max": 0.0233555109460354, "group": "policy.memory"}, {"verdict": "close", "forward_exact": false, "loss_rel_max": 0.003211377745242706, "first_step_loss_rel": 0.00048734285312952924, "weight_drift": 0.017911457435587145, "group_drift_max": 0.0233555109460354, "group": "policy.memory"}]	reverted	fast-perception + compiled checkpointed chunks, under the 0.5 cap (no spill); compile + bf16 maps: 59-71, no better than fast alone
2026-09-26 17:24	compile-cap	--label compile-cap --repeat 2 --gpu-views --set compile_perception=true --decision fast-mode --note compiled checkpointed chunks alone (autocast float32 norms, fused)	83.56	0.72	[83.05, 84.08]	0.766	90.2	3688	{"loader": 0.001, "device": 0.102, "forward": 0.169, "backward": 0.425, "optimizer": 0.002, "log": 0.067}	[{"verdict": "differs", "forward_exact": false, "loss_rel_max": 0.3897651585406207, "first_step_loss_rel": 0.06509665831549917, "weight_drift": 0.5352995085515777, "group_drift_max": 1.3485799803273153, "group": "policy.cell_norm"}, {"verdict": "close", "forward_exact": false, "loss_rel_max": 0.008280585153379157, "first_step_loss_rel": 0.0005120841074951635, "weight_drift": 0.018794944039502617, "group_drift_max": 0.030447888961417778, "group": "policy.cell_norm"}]	reverted	compiled checkpointed chunks alone (autocast float32 norms, fused); 83.6/s, but a fresh-compile run failed the gate (first-step loss 6.5% off, drift 0.54): unsafe
2026-09-26 17:26	fast-cap-control	--label fast-cap-control --repeat 2 --gpu-views --set fast_perception=true --decision fast-mode --note control	65.43	0.18	[65.3, 65.55]	0.978	91.9	3656	{"loader": 0.001, "device": 0.103, "forward": 0.251, "backward": 0.573, "optimizer": 0.002, "log": 0.049}	[{"verdict": "close", "forward_exact": false, "loss_rel_max": 0.008349679754336146, "first_step_loss_rel": 0.0012902253828057173, "weight_drift": 0.02150666254635028, "group_drift_max": 0.028470613822674382, "group": "policy.foveal"}, {"verdict": "close", "forward_exact": false, "loss_rel_max": 0.008869633634492217, "first_step_loss_rel": 0.0012902253828057173, "weight_drift": 0.021339436452061007, "group_drift_max": 0.028553570509499332, "group": "policy.foveal"}]	control	control
2026-09-26 18:19	final-baseline	--label final-baseline --repeat 3 --decision final --note final code, bc6 config unchanged	33.76	6.06	[40.05, 33.28, 27.96]	1.937	61.3	3500	{"loader": 0.611, "device": 0.043, "forward": 0.378, "backward": 0.83, "optimizer": 0.004, "log": 0.071}	[{"verdict": "close", "forward_exact": true, "loss_rel_max": 0.010450034294716287, "first_step_loss_rel": 0.0, "weight_drift": 0.010927218666220881, "group_drift_max": 0.015796679507438318, "group": "policy.memory"}, {"verdict": "close", "forward_exact": true, "loss_rel_max": 0.011131426992878755, "first_step_loss_rel": 0.0, "weight_drift": 0.011665352477459316, "group_drift_max": 0.01692763581101015, "group": "policy.memory"}, {"verdict": "close", "forward_exact": true, "loss_rel_max": 0.012707765208721255, "first_step_loss_rel": 0.0, "weight_drift": 0.012197338817342182, "group_drift_max": 0.01795674433350332, "group": "policy.memory"}]	final	final code, bc6 config unchanged
2026-09-26 18:24	final-gpu-views	--label final-gpu-views --repeat 3 --gpu-views --decision final --note final code, bc6 config + --gpu-views (exact)	34.29	5.23	[36.66, 37.92, 28.3]	1.898	69.9	3656	{"loader": 0.241, "device": 0.12, "forward": 0.525, "backward": 0.933, "optimizer": 0.006, "log": 0.073}	[{"verdict": "close", "forward_exact": true, "loss_rel_max": 0.007820095638724406, "first_step_loss_rel": 0.0, "weight_drift": 0.011553202138859003, "group_drift_max": 0.0177340995915922, "group": "policy.memory"}, {"verdict": "close", "forward_exact": true, "loss_rel_max": 0.013551765477940543, "first_step_loss_rel": 0.0, "weight_drift": 0.013274376529773188, "group_drift_max": 0.019356836012434608, "group": "policy.memory"}, {"verdict": "close", "forward_exact": true, "loss_rel_max": 0.010548960305197173, "first_step_loss_rel": 0.0, "weight_drift": 0.011417622021616546, "group_drift_max": 0.01779240639693356, "group": "policy.memory"}]	final	final code, bc6 config + --gpu-views (exact)
2026-09-26 18:29	final-fast	--label final-fast --repeat 3 --gpu-views --set fast_perception=true --decision final --note final code, + --fast-perception (opt-in fast mode)	33.82	7.41	[25.32, 37.25, 38.89]	1.964	52.6	3656	{"loader": 0.635, "device": 0.131, "forward": 0.423, "backward": 0.73, "optimizer": 0.006, "log": 0.038}	[{"verdict": "close", "forward_exact": false, "loss_rel_max": 0.00788014097123259, "first_step_loss_rel": 0.0012902253828057173, "weight_drift": 0.02115185547021413, "group_drift_max": 0.028811093801253473, "group": "policy.foveal"}, {"verdict": "close", "forward_exact": false, "loss_rel_max": 0.0065317308834404505, "first_step_loss_rel": 0.0012902253828057173, "weight_drift": 0.021601456976720893, "group_drift_max": 0.02864248917017369, "group": "policy.foveal"}, {"verdict": "close", "forward_exact": false, "loss_rel_max": 0.012667689743876057, "first_step_loss_rel": 0.0012902253828057173, "weight_drift": 0.022178933803035848, "group_drift_max": 0.029417140283596016, "group": "policy.foveal"}]	final	final code, + --fast-perception (opt-in fast mode)
2026-09-26 13:30	sweep-worker-threads-8 (1st try)	--worker-threads 8									failed	bench bug: the patched worker_init_fn did not pickle; fixed in the bench (no result lost)
2026-09-26 13:59	sac-convs	--worker-threads 8 --set recompute="convs"									reverted	selective checkpoint keeping conv outputs: OOM under the 0.5 cap (see sac-convs-nocap)
2026-09-26 13:58	profile (torch.profiler, 3 steps)	--worker-threads 8									info	GPU ~1.09 s/step: casts 20%, other elementwise 19%, GroupNorm 11%, GELU 11%, cuDNN NCHW<->NHWC transposes 12%, convolutions 20%; checkpoint recompute ~22%; ~16k kernels/step
2026-09-26 14:30	micro: DetailEncoder layout/chunk	64 quadrant images fwd+bwd									reverted	channels_last 181 ms vs 177 (not exact); chunk 32/64 185/301 ms; cudnn.benchmark slower; torch.compile 149 ms (-16%)
2026-09-26 14:52	fast-compile (module.compile)	--set compile_perception=true									failed	compiled readers under checkpoint: recomputed tensors' metadata differ (checkpoint error)
2026-09-26 14:55	fast-compile-norecompute-nocap	--set recompute=false (compiled)									failed	OOM at 7.2 GB: no recompute does not fit 8 GB
2026-09-26 16:18	micro: bf16 readers	64 quadrant images fwd+bwd									info	fp32 maps 161 ms / 38.8 MiB an image; bf16 maps 109 ms / 27.9; compiled bf16 85 ms / 22.5
2026-09-26 18:15	final-* (PC loaded)										info	final interleaved rerun hit ~58% CPU load from other jobs: every config ~34/s, GPU 52-70% busy; the clean interleaved sets above are the ones quoted
2026-09-26 19:18	rebased-baseline	--work target/bench-train --label rebased-baseline --repeat 2 --decision final --note after rebasing onto main: bc6 config as is	16.47	0.98	[17.16, 15.77]	3.893	41.9	3500	{"loader": 1.977, "device": 0.062, "forward": 0.656, "backward": 1.122, "optimizer": 0.007, "log": 0.07}	[{"verdict": "close", "forward_exact": true, "loss_rel_max": 0.007297028475648995, "first_step_loss_rel": 0.0, "weight_drift": 0.009186293077153379, "group_drift_max": 0.01382770058386148, "group": "policy.memory"}, {"verdict": "close", "forward_exact": true, "loss_rel_max": 0.012785171243559242, "first_step_loss_rel": 0.0, "weight_drift": 0.011427843265003058, "group_drift_max": 0.016043106680670768, "group": "policy.memory"}]	info	after rebasing onto main: bc6 config as is; the PC at 66-76% CPU from other jobs (loader-bound config): not comparable
2026-09-26 19:11	rebased-gpu-views / rebased-fast (0.5 cap)	--gpu-views [--set fast_perception=true]									info	after rebasing onto #132 (gpu_views sends 4:4:4 planes, converted on the card): OOM under the 0.5 cap (a 540 MB allocation); run --gpu-views without the cap
